[
  {
    "Name": "Dragon-Born",
    "Type": "caster",
    "AbilityBoosts": {
      "Strength": 2,
      "Charisma": 1
    }
  },
  {
    "Name": "Hill Dwarf",
    "Type": "warrior",
    "AbilityBoosts": {
      "Constitution": 2
    }
  },
  {
    "Name": "Mountain Dwarf",
    "Type": "warrior",
    "AbilityBoosts": {
      "Constitution": 2
    }
  },
  {
    "Name": "High Elf",
    "Type": "caster",
    "AbilityBoosts": {
      "Dexterity": 2
    }
  },
  {
    "Name": "Wood Elf",
    "Type": "caster",
    "AbilityBoosts": {
      "Dexterity": 2
    }
  },
  {
    "Name": "Eladrin Elf",
    "Type": "caster",
    "AbilityBoosts": {
      "Dexterity": 2
    }
  },
  {
    "Name": "Half-Elf",
    "Type": "caster",
    "AbilityBoosts": {
      "Charisma": 2,
      "Any Two Others": 1
    }
  },
  {
    "Name": "Half-Orc",
    "Type": "warrior",
    "AbilityBoosts": {
      "Constitution": 1,
      "Strength": 2
    }
  },
  {
    "Name": "Lightfoot Halfling",
    "Type": "caster",
    "AbilityBoosts": {
      "Dexterity": 2
    }
  },
  {
    "Name": "Stout Halfling",
    "Type": "caster",
    "AbilityBoosts": {
      "Dexterity": 2
    }
  },
  {
    "Name": "Human",
    "Type": "caster",
    "AbilityBoosts": {
      "Strength": 1,
      "Constitution": 1,
      "Dexterity": 1,
      "Intelligence": 1,
      "Wisdom": 1,
      "Charisma": 1
    }
  },
  {
    "Name": "Variant Human",
    "Type": "caster",
    "AbilityBoosts": {
      "Any Two Different": 1
    }
  },
  {
    "Name": "Rock Gnome",
    "Type": "warrior",
    "AbilityBoosts": {
      "Intelligence": 2
    }
  },
  {
    "Name": "Tiefling",
    "Type": "warrior",
    "AbilityBoosts": {
      "Intelligence": 1,
      "Charisma": 2
    }
  }
]